event_idx,time_hours,holding_hours,state_idx,state,action_idx,action,next_state_idx,next_state,reward,temperature,ecc_count,xid_code,utilization,power_usage,retired_pages
0,0.0,1.926725482699763,0,Healthy,0,keep_running,2,MaintenanceRequired,0.36,63.40825233330867,0,0,86.84130448746222,543.8688787614192,0
1,1.926725482699763,4.489781956122228,2,MaintenanceRequired,4,isolate_maintain,0,Healthy,0.8999999999999999,69.90415287195356,2,0,70.18771360967565,606.5575288252443,1
2,6.416507438821991,9.052302337642503,0,Healthy,0,keep_running,2,MaintenanceRequired,0.36,58.92037262119179,1,0,93.70408272269195,586.1832724226363,0
3,15.468809776464495,1.4762681121411678,2,MaintenanceRequired,1,power_cap,0,Healthy,0.7057198548016272,79.94280145198373,2,31,50.85279782983242,678.0301191468627,0
4,16.945077888605663,3.9416002795006415,0,Healthy,0,keep_running,4,FailedPermanent,-14.64,61.45497356720866,0,0,92.04321407748397,601.7700879474615,0
