event_idx,time_hours,holding_hours,state_idx,state,action_idx,action,next_state_idx,next_state,reward,temperature,ecc_count,xid_code,utilization,power_usage,retired_pages
0,0.0,4.614819243784921,0,Healthy,0,keep_running,2,MaintenanceRequired,0.36,59.16064762807466,0,0,81.00209778653286,627.5130244340454,0
1,4.614819243784921,0.09410249924988227,2,MaintenanceRequired,1,power_cap,3,FailedRecoverable,-3.1237481795271913,79.83748179527191,5,31,71.75068005416772,624.1021175712888,2
2,4.708921743034804,0.7517591177493673,3,FailedRecoverable,3,reboot,0,Healthy,0.7961305974968496,79.0386940250315,3,48,24.44156950903424,511.16507696654475,1
3,5.460680860784171,28.94732935015185,0,Healthy,0,keep_running,1,Degraded,1.2,63.04806132061465,0,0,88.61315300824803,613.8692547453624,0
4,34.40801021093602,2.7062781351451033,1,Degraded,0,keep_running,3,FailedRecoverable,-2.64,71.80297280981266,3,0,79.64151045954311,647.4293721347043,0
5,37.114288346081125,1.40376640628432,3,FailedRecoverable,3,reboot,2,MaintenanceRequired,0.06,73.11631835117396,6,31,66.78206090276144,276.54683933770053,1
6,38.518054752365444,8.758931194620674,2,MaintenanceRequired,4,isolate_maintain,4,FailedPermanent,-14.940000000000001,72.00063389074667,2,48,74.35642715122151,627.6476396393462,0
