event_idx,time_hours,holding_hours,state_idx,state,action_idx,action,next_state_idx,next_state,reward,temperature,ecc_count,xid_code,utilization,power_usage,retired_pages
0,0.0,10.023365481017228,0,Healthy,0,keep_running,1,Degraded,1.2,63.9727613578845,0,31,100.0,607.224350776075,0
1,10.023365481017228,0.1676830069968988,1,Degraded,0,keep_running,2,MaintenanceRequired,0.36,69.85668861376253,1,0,66.96238441144445,599.0978430715875,0
2,10.191048488014127,0.011001834790832358,2,MaintenanceRequired,4,isolate_maintain,0,Healthy,0.8999999999999999,76.90374054737592,2,0,67.38220364043057,682.6468722755903,0
3,10.20205032280496,2.692107095034158,0,Healthy,0,keep_running,4,FailedPermanent,-14.64,62.60817332001931,0,0,87.76948398453645,624.8501640078675,0
