event_idx,time_hours,holding_hours,state_idx,state,action_idx,action,next_state_idx,next_state,reward,temperature,ecc_count,xid_code,utilization,power_usage,retired_pages
0,0.0,19.65492923105578,0,Healthy,0,keep_running,1,Degraded,1.2,65.81508825328457,0,0,88.07311240882595,556.92091965931,0
1,19.65492923105578,2.220700308890627,1,Degraded,1,power_cap,0,Healthy,0.7300653628926909,79.69934637107309,0,0,71.88640754103517,601.9114680095804,0
2,21.87562953994641,26.604550084546013,0,Healthy,0,keep_running,1,Degraded,1.2,57.597548696674785,0,0,90.83661343773556,607.8161987001344,0
3,48.48017962449242,0.1483497174711698,1,Degraded,1,power_cap,2,MaintenanceRequired,0.008279923248954046,78.51720076751046,2,0,87.14396103131348,576.4461624813376,0
4,48.62852934196359,2.268727902054839,2,MaintenanceRequired,1,power_cap,0,Healthy,0.8181271814750501,78.8187281852495,8,0,80.55761854973119,627.4627085217139,1
5,50.897257244018434,3.3212854681683894,0,Healthy,0,keep_running,2,MaintenanceRequired,0.36,62.7677811328699,0,0,95.59032140644875,641.4603868790417,0
6,54.218542712186824,1.6757185122081717,2,MaintenanceRequired,1,power_cap,0,Healthy,0.8999999999999999,76.73002711610522,4,31,65.80540665581536,731.1608910660923,1
7,55.894261224394995,5.167256412628076,0,Healthy,0,keep_running,4,FailedPermanent,-14.64,57.357249905702965,0,0,91.28933462029653,610.740423553618,0
