event_idx,time_hours,holding_hours,state_idx,state,action_idx,action,next_state_idx,next_state,reward,temperature,ecc_count,xid_code,utilization,power_usage,retired_pages
0,0.0,0.7229141557069674,0,Healthy,0,keep_running,1,Degraded,1.2,68.38143657233134,1,0,87.73297354651967,598.4200396185802,0
1,0.7229141557069674,1.4354896587789439,1,Degraded,0,keep_running,0,Healthy,1.2,71.43963758672867,1,48,77.39338915514519,557.8313681372998,0
2,2.1584038144859115,13.703017577697361,0,Healthy,0,keep_running,1,Degraded,1.2,58.66381819173286,0,0,90.70669765420853,586.8236141325475,0
3,15.861421392183273,0.43378679564645906,1,Degraded,0,keep_running,3,FailedRecoverable,-2.64,63.872782197379436,0,48,68.80129098472531,689.4539290404059,0
4,16.295208187829733,2.6974575041670894,3,FailedRecoverable,3,reboot,0,Healthy,0.8999999999999999,62.55171015260269,7,79,22.00236275599395,553.1757592375524,1
5,18.992665691996823,5.5670240704800555,0,Healthy,0,keep_running,4,FailedPermanent,-14.64,60.26138218185924,0,0,86.64713812420305,635.5712691327093,0
