state,value
Healthy,-36.130104952379995
Degraded,-33.82874925729199
MaintenanceRequired,-49.37398876151463
FailedRecoverable,-55.002182642758626
FailedPermanent,-299.9999998107784
