state,value
Healthy,-36.130104952379995
Degraded,-33.828749257291996
MaintenanceRequired,-49.37398876151464
FailedRecoverable,-55.002182642758626
FailedPermanent,-299.9999998107784
